"Status","Start Time","Stop Time","Duration in ms","Parent Suite","Suite","Sub Suite","Test Class","Test Method","Name","Description"
"passed","Thu May 07 14:45:59 UTC 2026","Thu May 07 14:45:59 UTC 2026","195","","PAWK-105 — Connexion échouée","","","","PAWK-105 — Connexion échouée - Validation errors",""
"failed","Thu May 07 14:45:58 UTC 2026","Thu May 07 14:45:58 UTC 2026","323","","Reusable Login Helper","","","","Se connecter avec succès",""
"failed","Thu May 07 14:46:07 UTC 2026","Thu May 07 14:46:07 UTC 2026","282","","Reusable Login Helper","","","","Se connecter avec succès",""
"failed","Thu May 07 14:45:56 UTC 2026","Thu May 07 14:45:57 UTC 2026","739","","Reusable Login Helper","","","","Se connecter avec succès",""
"failed","Thu May 07 14:45:54 UTC 2026","Thu May 07 14:46:08 UTC 2026","14019","","zenity.ofintra.KarateTest","","zenity.ofintra.KarateTest","testAll","testAll()",""
"failed","Thu May 07 14:46:03 UTC 2026","Thu May 07 14:46:03 UTC 2026","291","","Reusable Login Helper","","","","Se connecter avec succès",""
"passed","Thu May 07 14:45:59 UTC 2026","Thu May 07 14:45:59 UTC 2026","191","","PAWK-105 — Connexion échouée","","","","PAWK-105 — Connexion échouée - Validation errors",""
"failed","Thu May 07 14:46:01 UTC 2026","Thu May 07 14:46:01 UTC 2026","305","","Reusable Login Helper","","","","Se connecter avec succès",""
"failed","Thu May 07 14:46:05 UTC 2026","Thu May 07 14:46:05 UTC 2026","294","","Reusable Login Helper","","","","Se connecter avec succès",""
"failed","Thu May 07 14:46:02 UTC 2026","Thu May 07 14:46:02 UTC 2026","313","","Reusable Login Helper","","","","Se connecter avec succès",""
"failed","Thu May 07 14:46:04 UTC 2026","Thu May 07 14:46:05 UTC 2026","296","","Reusable Login Helper","","","","Se connecter avec succès",""
"failed","Thu May 07 14:46:06 UTC 2026","Thu May 07 14:46:07 UTC 2026","278","","Reusable Login Helper","","","","Se connecter avec succès",""
"failed","Thu May 07 14:46:02 UTC 2026","Thu May 07 14:46:02 UTC 2026","302","","Reusable Login Helper","","","","Se connecter avec succès",""
"failed","Thu May 07 14:46:03 UTC 2026","Thu May 07 14:46:04 UTC 2026","297","","Reusable Login Helper","","","","Se connecter avec succès",""
"failed","Thu May 07 14:46:03 UTC 2026","Thu May 07 14:46:03 UTC 2026","289","","Reusable Login Helper","","","","Se connecter avec succès",""
"failed","Thu May 07 14:46:05 UTC 2026","Thu May 07 14:46:05 UTC 2026","299","","Reusable Login Helper","","","","Se connecter avec succès",""
"failed","Thu May 07 14:46:00 UTC 2026","Thu May 07 14:46:00 UTC 2026","298","","Reusable Login Helper","","","","Se connecter avec succès",""
"failed","Thu May 07 14:46:04 UTC 2026","Thu May 07 14:46:04 UTC 2026","291","","Reusable Login Helper","","","","Se connecter avec succès",""
"failed","Thu May 07 14:46:04 UTC 2026","Thu May 07 14:46:04 UTC 2026","291","","Reusable Login Helper","","","","Se connecter avec succès",""
"failed","Thu May 07 14:46:06 UTC 2026","Thu May 07 14:46:06 UTC 2026","292","","Reusable Login Helper","","","","Se connecter avec succès",""
"failed","Thu May 07 14:46:00 UTC 2026","Thu May 07 14:46:00 UTC 2026","286","","Reusable Login Helper","","","","Se connecter avec succès",""
"passed","Thu May 07 14:45:59 UTC 2026","Thu May 07 14:45:59 UTC 2026","189","","PAWK-105 — Connexion échouée","","","","PAWK-105 — Connexion échouée - Validation errors",""
"failed","Thu May 07 14:46:07 UTC 2026","Thu May 07 14:46:07 UTC 2026","281","","Reusable Login Helper","","","","Se connecter avec succès",""
"failed","Thu May 07 14:46:06 UTC 2026","Thu May 07 14:46:06 UTC 2026","287","","Reusable Login Helper","","","","Se connecter avec succès",""
"failed","Thu May 07 14:46:01 UTC 2026","Thu May 07 14:46:02 UTC 2026","303","","Reusable Login Helper","","","","Se connecter avec succès",""
"failed","Thu May 07 14:46:01 UTC 2026","Thu May 07 14:46:01 UTC 2026","299","","Reusable Login Helper","","","","Se connecter avec succès",""
"passed","Thu May 07 14:45:58 UTC 2026","Thu May 07 14:45:59 UTC 2026","211","","PAWK-103 — Connexion avec un compte désactivé ou archivé","","","","PAWK-103 — Connexion avec un compte désactivé ou archivé",""
